folder,thumb,filename
aphid,#00,aphid_35.jpg
aphid,#01,aphid_41.jpg
aphid,#02,aphid_36.jpg
aphid,#03,aphid_9.jpg
aphid,#04,aphid_39.jpg
aphid,#05,aphid_43.jpg
aphid,#06,aphid_20.jpg
aphid,#07,aphid_2.jpg
aphid,#08,aphid_5.jpg
aphid,#09,aphid_37.jpg
aphid,#10,aphid_44.jpg
aphid,#11,aphid_15.jpg
aphid,#12,aphid_6.jpg
aphid,#13,aphid_27.jpg
aphid,#14,aphid_18.jpg
aphid,#15,aphid_11.jpg
aphid_effects,#00,aphid_effects_64.jpg
aphid_effects,#01,aphid_effects_40.jpg
aphid_effects,#02,aphid_effects_5.jpg
aphid_effects,#03,aphid_effects_18.jpg
aphid_effects,#04,aphid_effects_31.jpg
aphid_effects,#05,aphid_effects_1.jpg
aphid_effects,#06,aphid_effects_30.jpg
aphid_effects,#07,aphid_effects_37.jpg
aphid_effects,#08,aphid_effects_25.jpg
aphid_effects,#09,aphid_effects_47.jpg
aphid_effects,#10,aphid_effects_56.jpg
aphid_effects,#11,aphid_effects_36.jpg
aphid_effects,#12,aphid_effects_7.jpg
aphid_effects,#13,aphid_effects_44.jpg
aphid_effects,#14,aphid_effects_22.jpg
aphid_effects,#15,aphid_effects_41.jpg
spider_mite,#00,spider_mite_31.jpg
spider_mite,#01,spider_mite_39.jpg
spider_mite,#02,spider_mite_141.jpg
spider_mite,#03,spider_mite_25.jpg
spider_mite,#04,spider_mite_132.jpg
spider_mite,#05,spider_mite_23.jpg
spider_mite,#06,spider_mite_129.jpg
spider_mite,#07,spider_mite_115.jpg
spider_mite,#08,spider_mite_95.jpg
spider_mite,#09,spider_mite_20.jpg
spider_mite,#10,spider_mite_4.jpg
spider_mite,#11,spider_mite_105.jpg
spider_mite,#12,spider_mite_71.jpg
spider_mite,#13,spider_mite_128.jpg
spider_mite,#14,spider_mite_101.jpg
spider_mite,#15,spider_mite_35.jpg
whitefly,#00,whitefly_15.jpg
whitefly,#01,whitefly_45.jpg
whitefly,#02,whitefly_5.jpg
whitefly,#03,whitefly_47.jpg
whitefly,#04,whitefly_4.jpg
whitefly,#05,whitefly_23.jpg
whitefly,#06,whitefly_25.jpg
whitefly,#07,whitefly_24.jpg
whitefly,#08,whitefly_26.jpg
whitefly,#09,whitefly_13.jpg
whitefly,#10,whitefly_35.jpg
whitefly,#11,whitefly_27.jpg
whitefly,#12,whitefly_36.jpg
whitefly,#13,whitefly_32.jpg
whitefly,#14,whitefly_43.jpg
whitefly,#15,whitefly_16.jpg
mealybug,#00,mealybug_33.jpg
mealybug,#01,mealybug_10.jpg
mealybug,#02,mealybug_7.jpg
mealybug,#03,mealybug_13.jpg
mealybug,#04,mealybug_28.jpg
mealybug,#05,mealybug_37.jpg
mealybug,#06,mealybug_11.jpg
mealybug,#07,mealybug_16.jpg
mealybug,#08,mealybug_26.jpg
mealybug,#09,mealybug_52.jpg
mealybug,#10,mealybug_72.jpg
mealybug,#11,mealybug_22.jpg
mealybug,#12,mealybug_29.jpg
mealybug,#13,mealybug_36.jpg
mealybug,#14,mealybug_50.jpg
mealybug,#15,mealybug_3.jpg
thrips,#00,thrips_30.jpg
thrips,#01,thrips_37.jpg
thrips,#02,thrips_8.jpg
thrips,#03,thrips_26.jpg
thrips,#04,thrips_33.jpg
thrips,#05,thrips_22.jpg
thrips,#06,thrips_35.jpg
thrips,#07,thrips_1.jpg
thrips,#08,thrips_61.jpg
thrips,#09,thrips_48.jpg
thrips,#10,thrips_50.jpg
thrips,#11,thrips_24.jpg
thrips,#12,thrips_23.jpg
thrips,#13,thrips_46.jpg
thrips,#14,thrips_60.jpg
thrips,#15,thrips_59.jpg
leaf_miners,#00,leaf_miners_7.jpg
leaf_miners,#01,leaf_miners_58.jpg
leaf_miners,#02,leaf_miners_44.jpg
leaf_miners,#03,leaf_miners_51.jpg
leaf_miners,#04,leaf_miners_43.jpg
leaf_miners,#05,leaf_miners_3.jpg
leaf_miners,#06,leaf_miners_72.jpg
leaf_miners,#07,leaf_miners_41.jpg
leaf_miners,#08,leaf_miners_22.jpg
leaf_miners,#09,leaf_miners_12.jpg
leaf_miners,#10,leaf_miners_38.jpg
leaf_miners,#11,leaf_miners_54.jpg
leaf_miners,#12,leaf_miners_8.jpg
leaf_miners,#13,leaf_miners_24.jpg
leaf_miners,#14,leaf_miners_6.jpg
leaf_miners,#15,leaf_miners_39.jpg
caterpillars,#00,caterpillars_2.jpg
caterpillars,#01,caterpillars_16.jpg
caterpillars,#02,caterpillars_35.jpg
caterpillars,#03,caterpillars_29.jpg
caterpillars,#04,caterpillars_23.jpg
caterpillars,#05,caterpillars_20.jpg
caterpillars,#06,caterpillars_38.jpg
caterpillars,#07,caterpillars_42.jpg
caterpillars,#08,caterpillars_9.jpg
caterpillars,#09,caterpillars_37.jpg
caterpillars,#10,caterpillars_26.jpg
caterpillars,#11,caterpillars_36.jpg
caterpillars,#12,caterpillars_7.jpg
caterpillars,#13,caterpillars_17.jpg
caterpillars,#14,caterpillars_15.jpg
caterpillars,#15,caterpillars_41.jpg
scale,#00,scale_88.jpg
scale,#01,scale_14.jpg
scale,#02,scale_7.jpg
scale,#03,scale_23.jpg
scale,#04,scale_69.jpg
scale,#05,scale_32.jpg
scale,#06,scale_55.jpg
scale,#07,scale_5.jpg
scale,#08,scale_70.jpg
scale,#09,scale_43.jpg
scale,#10,scale_77.jpg
scale,#11,scale_26.jpg
scale,#12,scale_79.jpg
scale,#13,scale_4.jpg
scale,#14,scale_21.jpg
scale,#15,scale_57.jpg
slugs,#00,slugs_13.jpg
slugs,#01,slugs_17.jpg
slugs,#02,slugs_12.jpg
slugs,#03,slugs_19.jpg
slugs,#04,slugs_14.jpg
slugs,#05,slugs_1.jpg
slugs,#06,slugs_15.jpg
slugs,#07,slugs_3.jpg
slugs,#08,slugs_10.jpg
slugs,#09,slugs_2.jpg
slugs,#10,slugs_11.jpg
slugs,#11,slugs_5.jpg
slugs,#12,slugs_16.jpg
slugs,#13,slugs_9.jpg
slugs,#14,slugs_7.jpg
slugs,#15,slugs_8.jpg
