path,name,p_strawberry,bucket
D:\ivp\union_dataset\healthy\healthy_1.jpg,healthy_1.jpg,0.106448,drop
D:\ivp\union_dataset\healthy\healthy_10.jpg,healthy_10.jpg,0.086218,drop
D:\ivp\union_dataset\healthy\healthy_100.jpg,healthy_100.jpg,0.068031,drop
D:\ivp\union_dataset\healthy\healthy_101.jpg,healthy_101.jpg,0.069866,drop
D:\ivp\union_dataset\healthy\healthy_102.jpg,healthy_102.jpg,0.070674,drop
D:\ivp\union_dataset\healthy\healthy_103.jpg,healthy_103.jpg,0.072912,drop
D:\ivp\union_dataset\healthy\healthy_104.jpg,healthy_104.jpg,0.208576,uncertain
D:\ivp\union_dataset\healthy\healthy_105.jpg,healthy_105.jpg,0.106873,drop
D:\ivp\union_dataset\healthy\healthy_106.jpg,healthy_106.jpg,0.058005,drop
D:\ivp\union_dataset\healthy\healthy_107.jpg,healthy_107.jpg,0.081842,drop
D:\ivp\union_dataset\healthy\healthy_108.jpg,healthy_108.jpg,0.086685,drop
D:\ivp\union_dataset\healthy\healthy_109.jpg,healthy_109.jpg,0.077861,drop
D:\ivp\union_dataset\healthy\healthy_11.jpg,healthy_11.jpg,0.075772,drop
D:\ivp\union_dataset\healthy\healthy_110.jpg,healthy_110.jpg,0.061841,drop
D:\ivp\union_dataset\healthy\healthy_111.jpg,healthy_111.jpg,0.088199,drop
D:\ivp\union_dataset\healthy\healthy_112.jpg,healthy_112.jpg,0.071585,drop
D:\ivp\union_dataset\healthy\healthy_113.jpg,healthy_113.jpg,0.063483,drop
D:\ivp\union_dataset\healthy\healthy_114.jpg,healthy_114.jpg,0.107501,drop
D:\ivp\union_dataset\healthy\healthy_115.jpg,healthy_115.jpg,0.096307,drop
D:\ivp\union_dataset\healthy\healthy_116.jpg,healthy_116.jpg,0.090949,drop
D:\ivp\union_dataset\healthy\healthy_117.jpg,healthy_117.jpg,0.090094,drop
D:\ivp\union_dataset\healthy\healthy_118.jpg,healthy_118.jpg,0.079455,drop
D:\ivp\union_dataset\healthy\healthy_119.jpg,healthy_119.jpg,0.048395,drop
D:\ivp\union_dataset\healthy\healthy_12.jpg,healthy_12.jpg,0.084665,drop
D:\ivp\union_dataset\healthy\healthy_120.jpg,healthy_120.jpg,0.074893,drop
D:\ivp\union_dataset\healthy\healthy_121.jpg,healthy_121.jpg,0.069351,drop
D:\ivp\union_dataset\healthy\healthy_122.jpg,healthy_122.jpg,0.063172,drop
D:\ivp\union_dataset\healthy\healthy_123.jpg,healthy_123.jpg,0.073323,drop
D:\ivp\union_dataset\healthy\healthy_124.jpg,healthy_124.jpg,0.098994,drop
D:\ivp\union_dataset\healthy\healthy_125.jpg,healthy_125.jpg,0.108833,drop
D:\ivp\union_dataset\healthy\healthy_126.jpg,healthy_126.jpg,0.079503,drop
D:\ivp\union_dataset\healthy\healthy_127.jpg,healthy_127.jpg,0.071538,drop
D:\ivp\union_dataset\healthy\healthy_128.jpg,healthy_128.jpg,0.103487,drop
D:\ivp\union_dataset\healthy\healthy_129.jpg,healthy_129.jpg,0.058796,drop
D:\ivp\union_dataset\healthy\healthy_13.jpg,healthy_13.jpg,0.045772,drop
D:\ivp\union_dataset\healthy\healthy_130.jpg,healthy_130.jpg,0.084296,drop
D:\ivp\union_dataset\healthy\healthy_131.jpg,healthy_131.jpg,0.062769,drop
D:\ivp\union_dataset\healthy\healthy_132.jpg,healthy_132.jpg,0.065276,drop
D:\ivp\union_dataset\healthy\healthy_133.jpg,healthy_133.jpg,0.051506,drop
D:\ivp\union_dataset\healthy\healthy_134.jpg,healthy_134.jpg,0.082269,drop
D:\ivp\union_dataset\healthy\healthy_135.jpg,healthy_135.jpg,0.031142,drop
D:\ivp\union_dataset\healthy\healthy_136.jpg,healthy_136.jpg,0.094842,drop
D:\ivp\union_dataset\healthy\healthy_137.jpg,healthy_137.jpg,0.119125,drop
D:\ivp\union_dataset\healthy\healthy_138.jpg,healthy_138.jpg,0.175434,uncertain
D:\ivp\union_dataset\healthy\healthy_139.jpg,healthy_139.jpg,0.0734,drop
D:\ivp\union_dataset\healthy\healthy_14.jpg,healthy_14.jpg,0.107131,drop
D:\ivp\union_dataset\healthy\healthy_140.jpg,healthy_140.jpg,0.049239,drop
D:\ivp\union_dataset\healthy\healthy_141.jpg,healthy_141.jpg,0.089392,drop
D:\ivp\union_dataset\healthy\healthy_142.jpg,healthy_142.jpg,0.08292,drop
D:\ivp\union_dataset\healthy\healthy_143.jpg,healthy_143.jpg,0.114146,drop
D:\ivp\union_dataset\healthy\healthy_144.jpg,healthy_144.jpg,0.055862,drop
D:\ivp\union_dataset\healthy\healthy_145.jpg,healthy_145.jpg,0.057973,drop
D:\ivp\union_dataset\healthy\healthy_146.jpg,healthy_146.jpg,0.05857,drop
D:\ivp\union_dataset\healthy\healthy_147.jpg,healthy_147.jpg,0.05236,drop
D:\ivp\union_dataset\healthy\healthy_148.jpg,healthy_148.jpg,0.079573,drop
D:\ivp\union_dataset\healthy\healthy_149.jpg,healthy_149.jpg,0.063749,drop
D:\ivp\union_dataset\healthy\healthy_15.jpg,healthy_15.jpg,0.082583,drop
D:\ivp\union_dataset\healthy\healthy_150.jpg,healthy_150.jpg,0.098629,drop
D:\ivp\union_dataset\healthy\healthy_151.jpg,healthy_151.jpg,0.051065,drop
D:\ivp\union_dataset\healthy\healthy_152.jpg,healthy_152.jpg,0.060628,drop
D:\ivp\union_dataset\healthy\healthy_153.jpg,healthy_153.jpg,0.047482,drop
D:\ivp\union_dataset\healthy\healthy_154.jpg,healthy_154.jpg,0.071363,drop
D:\ivp\union_dataset\healthy\healthy_155.jpg,healthy_155.jpg,0.072173,drop
D:\ivp\union_dataset\healthy\healthy_156.jpg,healthy_156.jpg,0.091272,drop
D:\ivp\union_dataset\healthy\healthy_157.jpg,healthy_157.jpg,0.119264,drop
D:\ivp\union_dataset\healthy\healthy_158.jpg,healthy_158.jpg,0.07803,drop
D:\ivp\union_dataset\healthy\healthy_159.jpg,healthy_159.jpg,0.110718,drop
D:\ivp\union_dataset\healthy\healthy_16.jpg,healthy_16.jpg,0.101677,drop
D:\ivp\union_dataset\healthy\healthy_160.jpg,healthy_160.jpg,0.069518,drop
D:\ivp\union_dataset\healthy\healthy_161.jpg,healthy_161.jpg,0.072951,drop
D:\ivp\union_dataset\healthy\healthy_162.jpg,healthy_162.jpg,0.229472,uncertain
D:\ivp\union_dataset\healthy\healthy_163.jpg,healthy_163.jpg,0.081775,drop
D:\ivp\union_dataset\healthy\healthy_164.jpg,healthy_164.jpg,0.092342,drop
D:\ivp\union_dataset\healthy\healthy_165.jpg,healthy_165.jpg,0.04948,drop
D:\ivp\union_dataset\healthy\healthy_166.jpg,healthy_166.jpg,0.088831,drop
D:\ivp\union_dataset\healthy\healthy_167.jpg,healthy_167.jpg,0.074913,drop
D:\ivp\union_dataset\healthy\healthy_168.jpg,healthy_168.jpg,0.090889,drop
D:\ivp\union_dataset\healthy\healthy_169.jpg,healthy_169.jpg,0.129594,drop
D:\ivp\union_dataset\healthy\healthy_17.jpg,healthy_17.jpg,0.059948,drop
D:\ivp\union_dataset\healthy\healthy_170.jpg,healthy_170.jpg,0.112651,drop
D:\ivp\union_dataset\healthy\healthy_171.jpg,healthy_171.jpg,0.075097,drop
D:\ivp\union_dataset\healthy\healthy_172.jpg,healthy_172.jpg,0.170541,uncertain
D:\ivp\union_dataset\healthy\healthy_173.jpg,healthy_173.jpg,0.054067,drop
D:\ivp\union_dataset\healthy\healthy_174.jpg,healthy_174.jpg,0.074497,drop
D:\ivp\union_dataset\healthy\healthy_175.jpg,healthy_175.jpg,0.055364,drop
D:\ivp\union_dataset\healthy\healthy_176.jpg,healthy_176.jpg,0.116265,drop
D:\ivp\union_dataset\healthy\healthy_177.jpg,healthy_177.jpg,0.059375,drop
D:\ivp\union_dataset\healthy\healthy_178.jpg,healthy_178.jpg,0.0559,drop
D:\ivp\union_dataset\healthy\healthy_179.jpg,healthy_179.jpg,0.172113,uncertain
D:\ivp\union_dataset\healthy\healthy_18.jpg,healthy_18.jpg,0.059428,drop
D:\ivp\union_dataset\healthy\healthy_180.jpg,healthy_180.jpg,0.03896,drop
D:\ivp\union_dataset\healthy\healthy_181.jpg,healthy_181.jpg,0.138027,drop
D:\ivp\union_dataset\healthy\healthy_182.jpg,healthy_182.jpg,0.10599,drop
D:\ivp\union_dataset\healthy\healthy_183.jpg,healthy_183.jpg,0.093641,drop
D:\ivp\union_dataset\healthy\healthy_184.jpg,healthy_184.jpg,0.057257,drop
D:\ivp\union_dataset\healthy\healthy_185.jpg,healthy_185.jpg,0.062763,drop
D:\ivp\union_dataset\healthy\healthy_186.jpg,healthy_186.jpg,0.142277,drop
D:\ivp\union_dataset\healthy\healthy_187.jpg,healthy_187.jpg,0.078984,drop
D:\ivp\union_dataset\healthy\healthy_188.jpg,healthy_188.jpg,0.078253,drop
D:\ivp\union_dataset\healthy\healthy_189.jpg,healthy_189.jpg,0.069743,drop
D:\ivp\union_dataset\healthy\healthy_19.jpg,healthy_19.jpg,0.046586,drop
D:\ivp\union_dataset\healthy\healthy_190.jpg,healthy_190.jpg,0.071242,drop
D:\ivp\union_dataset\healthy\healthy_191.jpg,healthy_191.jpg,0.053792,drop
D:\ivp\union_dataset\healthy\healthy_192.jpg,healthy_192.jpg,0.926988,keep
D:\ivp\union_dataset\healthy\healthy_193.jpg,healthy_193.jpg,0.959615,keep
D:\ivp\union_dataset\healthy\healthy_194.jpg,healthy_194.jpg,0.949268,keep
D:\ivp\union_dataset\healthy\healthy_195.jpg,healthy_195.jpg,0.853674,keep
D:\ivp\union_dataset\healthy\healthy_196.jpg,healthy_196.jpg,0.934778,keep
D:\ivp\union_dataset\healthy\healthy_197.jpg,healthy_197.jpg,0.930636,keep
D:\ivp\union_dataset\healthy\healthy_198.jpg,healthy_198.jpg,0.836776,uncertain
D:\ivp\union_dataset\healthy\healthy_199.jpg,healthy_199.jpg,0.719359,uncertain
D:\ivp\union_dataset\healthy\healthy_2.jpg,healthy_2.jpg,0.091537,drop
D:\ivp\union_dataset\healthy\healthy_20.jpg,healthy_20.jpg,0.090529,drop
D:\ivp\union_dataset\healthy\healthy_200.jpg,healthy_200.jpg,0.916221,keep
D:\ivp\union_dataset\healthy\healthy_201.jpg,healthy_201.jpg,0.957493,keep
D:\ivp\union_dataset\healthy\healthy_202.jpg,healthy_202.jpg,0.52771,uncertain
D:\ivp\union_dataset\healthy\healthy_203.jpg,healthy_203.jpg,0.804021,uncertain
D:\ivp\union_dataset\healthy\healthy_204.jpg,healthy_204.jpg,0.247842,uncertain
D:\ivp\union_dataset\healthy\healthy_205.jpg,healthy_205.jpg,0.890729,keep
D:\ivp\union_dataset\healthy\healthy_206.jpg,healthy_206.jpg,0.958018,keep
D:\ivp\union_dataset\healthy\healthy_207.jpg,healthy_207.jpg,0.914961,keep
D:\ivp\union_dataset\healthy\healthy_208.jpg,healthy_208.jpg,0.484981,uncertain
D:\ivp\union_dataset\healthy\healthy_209.jpg,healthy_209.jpg,0.946944,keep
D:\ivp\union_dataset\healthy\healthy_21.jpg,healthy_21.jpg,0.06199,drop
D:\ivp\union_dataset\healthy\healthy_210.jpg,healthy_210.jpg,0.711955,uncertain
D:\ivp\union_dataset\healthy\healthy_211.jpg,healthy_211.jpg,0.910659,keep
D:\ivp\union_dataset\healthy\healthy_212.jpg,healthy_212.jpg,0.905717,keep
D:\ivp\union_dataset\healthy\healthy_213.jpg,healthy_213.jpg,0.743744,uncertain
D:\ivp\union_dataset\healthy\healthy_214.jpg,healthy_214.jpg,0.947442,keep
D:\ivp\union_dataset\healthy\healthy_215.jpg,healthy_215.jpg,0.952692,keep
D:\ivp\union_dataset\healthy\healthy_216.jpg,healthy_216.jpg,0.867037,keep
D:\ivp\union_dataset\healthy\healthy_217.jpg,healthy_217.jpg,0.904141,keep
D:\ivp\union_dataset\healthy\healthy_218.jpg,healthy_218.jpg,0.945296,keep
D:\ivp\union_dataset\healthy\healthy_219.jpg,healthy_219.jpg,0.945615,keep
D:\ivp\union_dataset\healthy\healthy_22.jpg,healthy_22.jpg,0.068383,drop
D:\ivp\union_dataset\healthy\healthy_220.jpg,healthy_220.jpg,0.93074,keep
D:\ivp\union_dataset\healthy\healthy_221.jpg,healthy_221.jpg,0.897042,keep
D:\ivp\union_dataset\healthy\healthy_222.jpg,healthy_222.jpg,0.932886,keep
D:\ivp\union_dataset\healthy\healthy_223.jpg,healthy_223.jpg,0.961692,keep
D:\ivp\union_dataset\healthy\healthy_224.jpg,healthy_224.jpg,0.946917,keep
D:\ivp\union_dataset\healthy\healthy_225.jpg,healthy_225.jpg,0.595342,uncertain
D:\ivp\union_dataset\healthy\healthy_226.jpg,healthy_226.jpg,0.480347,uncertain
D:\ivp\union_dataset\healthy\healthy_227.jpg,healthy_227.jpg,0.78129,uncertain
D:\ivp\union_dataset\healthy\healthy_228.jpg,healthy_228.jpg,0.852757,keep
D:\ivp\union_dataset\healthy\healthy_229.jpg,healthy_229.jpg,0.383997,uncertain
D:\ivp\union_dataset\healthy\healthy_23.jpg,healthy_23.jpg,0.100577,drop
D:\ivp\union_dataset\healthy\healthy_230.jpg,healthy_230.jpg,0.958726,keep
D:\ivp\union_dataset\healthy\healthy_231.jpg,healthy_231.jpg,0.521701,uncertain
D:\ivp\union_dataset\healthy\healthy_232.jpg,healthy_232.jpg,0.958595,keep
D:\ivp\union_dataset\healthy\healthy_233.jpg,healthy_233.jpg,0.914251,keep
D:\ivp\union_dataset\healthy\healthy_234.jpg,healthy_234.jpg,0.657132,uncertain
D:\ivp\union_dataset\healthy\healthy_235.jpg,healthy_235.jpg,0.814326,uncertain
D:\ivp\union_dataset\healthy\healthy_236.jpg,healthy_236.jpg,0.965452,keep
D:\ivp\union_dataset\healthy\healthy_237.jpg,healthy_237.jpg,0.884471,keep
D:\ivp\union_dataset\healthy\healthy_238.jpg,healthy_238.jpg,0.940778,keep
D:\ivp\union_dataset\healthy\healthy_239.jpg,healthy_239.jpg,0.671735,uncertain
D:\ivp\union_dataset\healthy\healthy_24.jpg,healthy_24.jpg,0.086083,drop
D:\ivp\union_dataset\healthy\healthy_240.jpg,healthy_240.jpg,0.934357,keep
D:\ivp\union_dataset\healthy\healthy_241.jpg,healthy_241.jpg,0.520877,uncertain
D:\ivp\union_dataset\healthy\healthy_242.jpg,healthy_242.jpg,0.918676,keep
D:\ivp\union_dataset\healthy\healthy_243.jpg,healthy_243.jpg,0.914835,keep
D:\ivp\union_dataset\healthy\healthy_244.jpg,healthy_244.jpg,0.88397,keep
D:\ivp\union_dataset\healthy\healthy_245.jpg,healthy_245.jpg,0.917904,keep
D:\ivp\union_dataset\healthy\healthy_246.jpg,healthy_246.jpg,0.952089,keep
D:\ivp\union_dataset\healthy\healthy_247.jpg,healthy_247.jpg,0.94151,keep
D:\ivp\union_dataset\healthy\healthy_248.jpg,healthy_248.jpg,0.940244,keep
D:\ivp\union_dataset\healthy\healthy_249.jpg,healthy_249.jpg,0.866588,keep
D:\ivp\union_dataset\healthy\healthy_25.jpg,healthy_25.jpg,0.08592,drop
D:\ivp\union_dataset\healthy\healthy_250.jpg,healthy_250.jpg,0.846536,uncertain
D:\ivp\union_dataset\healthy\healthy_251.jpg,healthy_251.jpg,0.729117,uncertain
D:\ivp\union_dataset\healthy\healthy_252.jpg,healthy_252.jpg,0.650598,uncertain
D:\ivp\union_dataset\healthy\healthy_253.jpg,healthy_253.jpg,0.952351,keep
D:\ivp\union_dataset\healthy\healthy_254.jpg,healthy_254.jpg,0.876768,keep
D:\ivp\union_dataset\healthy\healthy_255.jpg,healthy_255.jpg,0.930148,keep
D:\ivp\union_dataset\healthy\healthy_256.jpg,healthy_256.jpg,0.924661,keep
D:\ivp\union_dataset\healthy\healthy_257.jpg,healthy_257.jpg,0.757772,uncertain
D:\ivp\union_dataset\healthy\healthy_258.jpg,healthy_258.jpg,0.556272,uncertain
D:\ivp\union_dataset\healthy\healthy_259.jpg,healthy_259.jpg,0.912036,keep
D:\ivp\union_dataset\healthy\healthy_26.jpg,healthy_26.jpg,0.138979,drop
D:\ivp\union_dataset\healthy\healthy_260.jpg,healthy_260.jpg,0.851582,keep
D:\ivp\union_dataset\healthy\healthy_261.jpg,healthy_261.jpg,0.954995,keep
D:\ivp\union_dataset\healthy\healthy_262.jpg,healthy_262.jpg,0.947859,keep
D:\ivp\union_dataset\healthy\healthy_263.jpg,healthy_263.jpg,0.949429,keep
D:\ivp\union_dataset\healthy\healthy_264.jpg,healthy_264.jpg,0.808277,uncertain
D:\ivp\union_dataset\healthy\healthy_265.jpg,healthy_265.jpg,0.797139,uncertain
D:\ivp\union_dataset\healthy\healthy_266.jpg,healthy_266.jpg,0.861276,keep
D:\ivp\union_dataset\healthy\healthy_267.jpg,healthy_267.jpg,0.917582,keep
D:\ivp\union_dataset\healthy\healthy_268.jpg,healthy_268.jpg,0.680798,uncertain
D:\ivp\union_dataset\healthy\healthy_269.jpg,healthy_269.jpg,0.898444,keep
D:\ivp\union_dataset\healthy\healthy_27.jpg,healthy_27.jpg,0.088876,drop
D:\ivp\union_dataset\healthy\healthy_270.jpg,healthy_270.jpg,0.918384,keep
D:\ivp\union_dataset\healthy\healthy_271.jpg,healthy_271.jpg,0.749475,uncertain
D:\ivp\union_dataset\healthy\healthy_272.jpg,healthy_272.jpg,0.903866,keep
D:\ivp\union_dataset\healthy\healthy_273.jpg,healthy_273.jpg,0.630181,uncertain
D:\ivp\union_dataset\healthy\healthy_274.jpg,healthy_274.jpg,0.90709,keep
D:\ivp\union_dataset\healthy\healthy_275.jpg,healthy_275.jpg,0.915977,keep
D:\ivp\union_dataset\healthy\healthy_276.jpg,healthy_276.jpg,0.955737,keep
D:\ivp\union_dataset\healthy\healthy_277.jpg,healthy_277.jpg,0.85519,keep
D:\ivp\union_dataset\healthy\healthy_278.jpg,healthy_278.jpg,0.840229,uncertain
D:\ivp\union_dataset\healthy\healthy_279.jpg,healthy_279.jpg,0.927822,keep
D:\ivp\union_dataset\healthy\healthy_28.jpg,healthy_28.jpg,0.073182,drop
D:\ivp\union_dataset\healthy\healthy_280.jpg,healthy_280.jpg,0.656252,uncertain
D:\ivp\union_dataset\healthy\healthy_281.jpg,healthy_281.jpg,0.932679,keep
D:\ivp\union_dataset\healthy\healthy_282.jpg,healthy_282.jpg,0.886571,keep
D:\ivp\union_dataset\healthy\healthy_283.jpg,healthy_283.jpg,0.926836,keep
D:\ivp\union_dataset\healthy\healthy_284.jpg,healthy_284.jpg,0.958357,keep
D:\ivp\union_dataset\healthy\healthy_285.jpg,healthy_285.jpg,0.902641,keep
D:\ivp\union_dataset\healthy\healthy_286.jpg,healthy_286.jpg,0.316881,uncertain
D:\ivp\union_dataset\healthy\healthy_287.jpg,healthy_287.jpg,0.801466,uncertain
D:\ivp\union_dataset\healthy\healthy_288.jpg,healthy_288.jpg,0.912248,keep
D:\ivp\union_dataset\healthy\healthy_289.jpg,healthy_289.jpg,0.752724,uncertain
D:\ivp\union_dataset\healthy\healthy_29.jpg,healthy_29.jpg,0.072239,drop
D:\ivp\union_dataset\healthy\healthy_290.jpg,healthy_290.jpg,0.890722,keep
D:\ivp\union_dataset\healthy\healthy_291.jpg,healthy_291.jpg,0.95924,keep
D:\ivp\union_dataset\healthy\healthy_292.jpg,healthy_292.jpg,0.970965,keep
D:\ivp\union_dataset\healthy\healthy_293.jpg,healthy_293.jpg,0.919609,keep
D:\ivp\union_dataset\healthy\healthy_294.jpg,healthy_294.jpg,0.947409,keep
D:\ivp\union_dataset\healthy\healthy_295.jpg,healthy_295.jpg,0.969697,keep
D:\ivp\union_dataset\healthy\healthy_296.jpg,healthy_296.jpg,0.872026,keep
D:\ivp\union_dataset\healthy\healthy_297.jpg,healthy_297.jpg,0.940614,keep
D:\ivp\union_dataset\healthy\healthy_298.jpg,healthy_298.jpg,0.716782,uncertain
D:\ivp\union_dataset\healthy\healthy_299.jpg,healthy_299.jpg,0.955575,keep
D:\ivp\union_dataset\healthy\healthy_3.jpg,healthy_3.jpg,0.137807,drop
D:\ivp\union_dataset\healthy\healthy_30.jpg,healthy_30.jpg,0.075297,drop
D:\ivp\union_dataset\healthy\healthy_300.jpg,healthy_300.jpg,0.95815,keep
D:\ivp\union_dataset\healthy\healthy_301.jpg,healthy_301.jpg,0.919194,keep
D:\ivp\union_dataset\healthy\healthy_302.jpg,healthy_302.jpg,0.885785,keep
D:\ivp\union_dataset\healthy\healthy_303.jpg,healthy_303.jpg,0.965495,keep
D:\ivp\union_dataset\healthy\healthy_304.jpg,healthy_304.jpg,0.930693,keep
D:\ivp\union_dataset\healthy\healthy_305.jpg,healthy_305.jpg,0.913544,keep
D:\ivp\union_dataset\healthy\healthy_306.jpg,healthy_306.jpg,0.806921,uncertain
D:\ivp\union_dataset\healthy\healthy_307.jpg,healthy_307.jpg,0.906427,keep
D:\ivp\union_dataset\healthy\healthy_308.jpg,healthy_308.jpg,0.947776,keep
D:\ivp\union_dataset\healthy\healthy_309.jpg,healthy_309.jpg,0.938716,keep
D:\ivp\union_dataset\healthy\healthy_31.jpg,healthy_31.jpg,0.056491,drop
D:\ivp\union_dataset\healthy\healthy_310.jpg,healthy_310.jpg,0.486331,uncertain
D:\ivp\union_dataset\healthy\healthy_311.jpg,healthy_311.jpg,0.945564,keep
D:\ivp\union_dataset\healthy\healthy_312.jpg,healthy_312.jpg,0.416995,uncertain
D:\ivp\union_dataset\healthy\healthy_313.jpg,healthy_313.jpg,0.669924,uncertain
D:\ivp\union_dataset\healthy\healthy_314.jpg,healthy_314.jpg,0.916001,keep
D:\ivp\union_dataset\healthy\healthy_315.jpg,healthy_315.jpg,0.924321,keep
D:\ivp\union_dataset\healthy\healthy_316.jpg,healthy_316.jpg,0.894825,keep
D:\ivp\union_dataset\healthy\healthy_317.jpg,healthy_317.jpg,0.977471,keep
D:\ivp\union_dataset\healthy\healthy_318.jpg,healthy_318.jpg,0.946419,keep
D:\ivp\union_dataset\healthy\healthy_319.jpg,healthy_319.jpg,0.936065,keep
D:\ivp\union_dataset\healthy\healthy_32.jpg,healthy_32.jpg,0.070724,drop
D:\ivp\union_dataset\healthy\healthy_320.jpg,healthy_320.jpg,0.64376,uncertain
D:\ivp\union_dataset\healthy\healthy_321.jpg,healthy_321.jpg,0.817398,uncertain
D:\ivp\union_dataset\healthy\healthy_322.jpg,healthy_322.jpg,0.939738,keep
D:\ivp\union_dataset\healthy\healthy_323.jpg,healthy_323.jpg,0.947628,keep
D:\ivp\union_dataset\healthy\healthy_324.jpg,healthy_324.jpg,0.894628,keep
D:\ivp\union_dataset\healthy\healthy_325.jpg,healthy_325.jpg,0.949635,keep
D:\ivp\union_dataset\healthy\healthy_326.jpg,healthy_326.jpg,0.943556,keep
D:\ivp\union_dataset\healthy\healthy_327.jpg,healthy_327.jpg,0.906859,keep
D:\ivp\union_dataset\healthy\healthy_328.jpg,healthy_328.jpg,0.954155,keep
D:\ivp\union_dataset\healthy\healthy_329.jpg,healthy_329.jpg,0.950837,keep
D:\ivp\union_dataset\healthy\healthy_33.jpg,healthy_33.jpg,0.061253,drop
D:\ivp\union_dataset\healthy\healthy_330.jpg,healthy_330.jpg,0.929473,keep
D:\ivp\union_dataset\healthy\healthy_331.jpg,healthy_331.jpg,0.694303,uncertain
D:\ivp\union_dataset\healthy\healthy_332.jpg,healthy_332.jpg,0.925943,keep
D:\ivp\union_dataset\healthy\healthy_333.jpg,healthy_333.jpg,0.865305,keep
D:\ivp\union_dataset\healthy\healthy_334.jpg,healthy_334.jpg,0.872777,keep
D:\ivp\union_dataset\healthy\healthy_335.jpg,healthy_335.jpg,0.896557,keep
D:\ivp\union_dataset\healthy\healthy_336.jpg,healthy_336.jpg,0.956739,keep
D:\ivp\union_dataset\healthy\healthy_337.jpg,healthy_337.jpg,0.838326,uncertain
D:\ivp\union_dataset\healthy\healthy_338.jpg,healthy_338.jpg,0.954856,keep
D:\ivp\union_dataset\healthy\healthy_339.jpg,healthy_339.jpg,0.534495,uncertain
D:\ivp\union_dataset\healthy\healthy_34.jpg,healthy_34.jpg,0.062536,drop
D:\ivp\union_dataset\healthy\healthy_340.jpg,healthy_340.jpg,0.850039,keep
D:\ivp\union_dataset\healthy\healthy_341.jpg,healthy_341.jpg,0.932042,keep
D:\ivp\union_dataset\healthy\healthy_342.jpg,healthy_342.jpg,0.932829,keep
D:\ivp\union_dataset\healthy\healthy_343.jpg,healthy_343.jpg,0.934662,keep
D:\ivp\union_dataset\healthy\healthy_344.jpg,healthy_344.jpg,0.93334,keep
D:\ivp\union_dataset\healthy\healthy_345.jpg,healthy_345.jpg,0.952474,keep
D:\ivp\union_dataset\healthy\healthy_346.jpg,healthy_346.jpg,0.714408,uncertain
D:\ivp\union_dataset\healthy\healthy_347.jpg,healthy_347.jpg,0.438488,uncertain
D:\ivp\union_dataset\healthy\healthy_348.jpg,healthy_348.jpg,0.915678,keep
D:\ivp\union_dataset\healthy\healthy_349.jpg,healthy_349.jpg,0.929935,keep
D:\ivp\union_dataset\healthy\healthy_35.jpg,healthy_35.jpg,0.099864,drop
D:\ivp\union_dataset\healthy\healthy_350.jpg,healthy_350.jpg,0.923012,keep
D:\ivp\union_dataset\healthy\healthy_351.jpg,healthy_351.jpg,0.836515,uncertain
D:\ivp\union_dataset\healthy\healthy_352.jpg,healthy_352.jpg,0.608086,uncertain
D:\ivp\union_dataset\healthy\healthy_353.jpg,healthy_353.jpg,0.928327,keep
D:\ivp\union_dataset\healthy\healthy_354.jpg,healthy_354.jpg,0.887414,keep
D:\ivp\union_dataset\healthy\healthy_355.jpg,healthy_355.jpg,0.752943,uncertain
D:\ivp\union_dataset\healthy\healthy_356.jpg,healthy_356.jpg,0.912105,keep
D:\ivp\union_dataset\healthy\healthy_357.jpg,healthy_357.jpg,0.849715,uncertain
D:\ivp\union_dataset\healthy\healthy_358.jpg,healthy_358.jpg,0.824001,uncertain
D:\ivp\union_dataset\healthy\healthy_359.jpg,healthy_359.jpg,0.698894,uncertain
D:\ivp\union_dataset\healthy\healthy_36.jpg,healthy_36.jpg,0.057601,drop
D:\ivp\union_dataset\healthy\healthy_360.jpg,healthy_360.jpg,0.515809,uncertain
D:\ivp\union_dataset\healthy\healthy_361.jpg,healthy_361.jpg,0.894842,keep
D:\ivp\union_dataset\healthy\healthy_362.jpg,healthy_362.jpg,0.932227,keep
D:\ivp\union_dataset\healthy\healthy_363.jpg,healthy_363.jpg,0.9085,keep
D:\ivp\union_dataset\healthy\healthy_364.jpg,healthy_364.jpg,0.927226,keep
D:\ivp\union_dataset\healthy\healthy_365.jpg,healthy_365.jpg,0.930648,keep
D:\ivp\union_dataset\healthy\healthy_366.jpg,healthy_366.jpg,0.629785,uncertain
D:\ivp\union_dataset\healthy\healthy_367.jpg,healthy_367.jpg,0.939773,keep
D:\ivp\union_dataset\healthy\healthy_368.jpg,healthy_368.jpg,0.93787,keep
D:\ivp\union_dataset\healthy\healthy_369.jpg,healthy_369.jpg,0.956176,keep
D:\ivp\union_dataset\healthy\healthy_37.jpg,healthy_37.jpg,0.089164,drop
D:\ivp\union_dataset\healthy\healthy_370.jpg,healthy_370.jpg,0.266086,uncertain
D:\ivp\union_dataset\healthy\healthy_371.jpg,healthy_371.jpg,0.951529,keep
D:\ivp\union_dataset\healthy\healthy_372.jpg,healthy_372.jpg,0.928764,keep
D:\ivp\union_dataset\healthy\healthy_373.jpg,healthy_373.jpg,0.867301,keep
D:\ivp\union_dataset\healthy\healthy_374.jpg,healthy_374.jpg,0.907535,keep
D:\ivp\union_dataset\healthy\healthy_375.jpg,healthy_375.jpg,0.964603,keep
D:\ivp\union_dataset\healthy\healthy_376.jpg,healthy_376.jpg,0.956163,keep
D:\ivp\union_dataset\healthy\healthy_377.jpg,healthy_377.jpg,0.852177,keep
D:\ivp\union_dataset\healthy\healthy_378.jpg,healthy_378.jpg,0.765236,uncertain
D:\ivp\union_dataset\healthy\healthy_379.jpg,healthy_379.jpg,0.976931,keep
D:\ivp\union_dataset\healthy\healthy_38.jpg,healthy_38.jpg,0.104369,drop
D:\ivp\union_dataset\healthy\healthy_380.jpg,healthy_380.jpg,0.834164,uncertain
D:\ivp\union_dataset\healthy\healthy_381.jpg,healthy_381.jpg,0.85292,keep
D:\ivp\union_dataset\healthy\healthy_382.jpg,healthy_382.jpg,0.938833,keep
D:\ivp\union_dataset\healthy\healthy_383.jpg,healthy_383.jpg,0.257461,uncertain
D:\ivp\union_dataset\healthy\healthy_384.jpg,healthy_384.jpg,0.941163,keep
D:\ivp\union_dataset\healthy\healthy_385.jpg,healthy_385.jpg,0.679566,uncertain
D:\ivp\union_dataset\healthy\healthy_386.jpg,healthy_386.jpg,0.928795,keep
D:\ivp\union_dataset\healthy\healthy_387.jpg,healthy_387.jpg,0.963546,keep
D:\ivp\union_dataset\healthy\healthy_388.jpg,healthy_388.jpg,0.924417,keep
D:\ivp\union_dataset\healthy\healthy_389.jpg,healthy_389.jpg,0.931063,keep
D:\ivp\union_dataset\healthy\healthy_39.jpg,healthy_39.jpg,0.075143,drop
D:\ivp\union_dataset\healthy\healthy_390.jpg,healthy_390.jpg,0.772244,uncertain
D:\ivp\union_dataset\healthy\healthy_391.jpg,healthy_391.jpg,0.948972,keep
D:\ivp\union_dataset\healthy\healthy_392.jpg,healthy_392.jpg,0.934685,keep
D:\ivp\union_dataset\healthy\healthy_393.jpg,healthy_393.jpg,0.503193,uncertain
D:\ivp\union_dataset\healthy\healthy_394.jpg,healthy_394.jpg,0.319185,uncertain
D:\ivp\union_dataset\healthy\healthy_395.jpg,healthy_395.jpg,0.873524,keep
D:\ivp\union_dataset\healthy\healthy_396.jpg,healthy_396.jpg,0.921927,keep
D:\ivp\union_dataset\healthy\healthy_397.jpg,healthy_397.jpg,0.894993,keep
D:\ivp\union_dataset\healthy\healthy_398.jpg,healthy_398.jpg,0.966501,keep
D:\ivp\union_dataset\healthy\healthy_399.jpg,healthy_399.jpg,0.941612,keep
D:\ivp\union_dataset\healthy\healthy_4.jpg,healthy_4.jpg,0.094487,drop
D:\ivp\union_dataset\healthy\healthy_40.jpg,healthy_40.jpg,0.073705,drop
D:\ivp\union_dataset\healthy\healthy_400.jpg,healthy_400.jpg,0.624666,uncertain
D:\ivp\union_dataset\healthy\healthy_401.jpg,healthy_401.jpg,0.257441,uncertain
D:\ivp\union_dataset\healthy\healthy_402.jpg,healthy_402.jpg,0.937285,keep
D:\ivp\union_dataset\healthy\healthy_403.jpg,healthy_403.jpg,0.914101,keep
D:\ivp\union_dataset\healthy\healthy_404.jpg,healthy_404.jpg,0.940579,keep
D:\ivp\union_dataset\healthy\healthy_405.jpg,healthy_405.jpg,0.655562,uncertain
D:\ivp\union_dataset\healthy\healthy_406.jpg,healthy_406.jpg,0.184976,uncertain
D:\ivp\union_dataset\healthy\healthy_407.jpg,healthy_407.jpg,0.949146,keep
D:\ivp\union_dataset\healthy\healthy_408.jpg,healthy_408.jpg,0.934217,keep
D:\ivp\union_dataset\healthy\healthy_409.jpg,healthy_409.jpg,0.958816,keep
D:\ivp\union_dataset\healthy\healthy_41.jpg,healthy_41.jpg,0.125622,drop
D:\ivp\union_dataset\healthy\healthy_410.jpg,healthy_410.jpg,0.887829,keep
D:\ivp\union_dataset\healthy\healthy_411.jpg,healthy_411.jpg,0.894366,keep
D:\ivp\union_dataset\healthy\healthy_412.jpg,healthy_412.jpg,0.945423,keep
D:\ivp\union_dataset\healthy\healthy_413.jpg,healthy_413.jpg,0.298403,uncertain
D:\ivp\union_dataset\healthy\healthy_414.jpg,healthy_414.jpg,0.932201,keep
D:\ivp\union_dataset\healthy\healthy_415.jpg,healthy_415.jpg,0.940532,keep
D:\ivp\union_dataset\healthy\healthy_416.jpg,healthy_416.jpg,0.930755,keep
D:\ivp\union_dataset\healthy\healthy_417.jpg,healthy_417.jpg,0.646105,uncertain
D:\ivp\union_dataset\healthy\healthy_418.jpg,healthy_418.jpg,0.901139,keep
D:\ivp\union_dataset\healthy\healthy_419.jpg,healthy_419.jpg,0.803439,uncertain
D:\ivp\union_dataset\healthy\healthy_42.jpg,healthy_42.jpg,0.071066,drop
D:\ivp\union_dataset\healthy\healthy_420.jpg,healthy_420.jpg,0.766932,uncertain
D:\ivp\union_dataset\healthy\healthy_421.jpg,healthy_421.jpg,0.922216,keep
D:\ivp\union_dataset\healthy\healthy_422.jpg,healthy_422.jpg,0.315369,uncertain
D:\ivp\union_dataset\healthy\healthy_423.jpg,healthy_423.jpg,0.92356,keep
D:\ivp\union_dataset\healthy\healthy_424.jpg,healthy_424.jpg,0.960763,keep
D:\ivp\union_dataset\healthy\healthy_425.jpg,healthy_425.jpg,0.82878,uncertain
D:\ivp\union_dataset\healthy\healthy_426.jpg,healthy_426.jpg,0.962951,keep
D:\ivp\union_dataset\healthy\healthy_427.jpg,healthy_427.jpg,0.918437,keep
D:\ivp\union_dataset\healthy\healthy_428.jpg,healthy_428.jpg,0.952623,keep
D:\ivp\union_dataset\healthy\healthy_429.jpg,healthy_429.jpg,0.718366,uncertain
D:\ivp\union_dataset\healthy\healthy_43.jpg,healthy_43.jpg,0.103854,drop
D:\ivp\union_dataset\healthy\healthy_430.jpg,healthy_430.jpg,0.870344,keep
D:\ivp\union_dataset\healthy\healthy_431.jpg,healthy_431.jpg,0.635383,uncertain
D:\ivp\union_dataset\healthy\healthy_432.jpg,healthy_432.jpg,0.942387,keep
D:\ivp\union_dataset\healthy\healthy_433.jpg,healthy_433.jpg,0.915481,keep
D:\ivp\union_dataset\healthy\healthy_434.jpg,healthy_434.jpg,0.478837,uncertain
D:\ivp\union_dataset\healthy\healthy_435.jpg,healthy_435.jpg,0.942645,keep
D:\ivp\union_dataset\healthy\healthy_436.jpg,healthy_436.jpg,0.8906,keep
D:\ivp\union_dataset\healthy\healthy_437.jpg,healthy_437.jpg,0.949492,keep
D:\ivp\union_dataset\healthy\healthy_438.jpg,healthy_438.jpg,0.94427,keep
D:\ivp\union_dataset\healthy\healthy_439.jpg,healthy_439.jpg,0.845314,uncertain
D:\ivp\union_dataset\healthy\healthy_44.jpg,healthy_44.jpg,0.055812,drop
D:\ivp\union_dataset\healthy\healthy_440.jpg,healthy_440.jpg,0.848353,uncertain
D:\ivp\union_dataset\healthy\healthy_441.jpg,healthy_441.jpg,0.920299,keep
D:\ivp\union_dataset\healthy\healthy_442.jpg,healthy_442.jpg,0.919696,keep
D:\ivp\union_dataset\healthy\healthy_443.jpg,healthy_443.jpg,0.600962,uncertain
D:\ivp\union_dataset\healthy\healthy_444.jpg,healthy_444.jpg,0.865302,keep
D:\ivp\union_dataset\healthy\healthy_445.jpg,healthy_445.jpg,0.849153,uncertain
D:\ivp\union_dataset\healthy\healthy_446.jpg,healthy_446.jpg,0.933061,keep
D:\ivp\union_dataset\healthy\healthy_447.jpg,healthy_447.jpg,0.765777,uncertain
D:\ivp\union_dataset\healthy\healthy_448.jpg,healthy_448.jpg,0.948711,keep
D:\ivp\union_dataset\healthy\healthy_449.jpg,healthy_449.jpg,0.952313,keep
D:\ivp\union_dataset\healthy\healthy_45.jpg,healthy_45.jpg,0.050957,drop
D:\ivp\union_dataset\healthy\healthy_450.jpg,healthy_450.jpg,0.888776,keep
D:\ivp\union_dataset\healthy\healthy_451.jpg,healthy_451.jpg,0.286903,uncertain
D:\ivp\union_dataset\healthy\healthy_452.jpg,healthy_452.jpg,0.952663,keep
D:\ivp\union_dataset\healthy\healthy_453.jpg,healthy_453.jpg,0.838738,uncertain
D:\ivp\union_dataset\healthy\healthy_454.jpg,healthy_454.jpg,0.855699,keep
D:\ivp\union_dataset\healthy\healthy_455.jpg,healthy_455.jpg,0.90036,keep
D:\ivp\union_dataset\healthy\healthy_456.jpg,healthy_456.jpg,0.806551,uncertain
D:\ivp\union_dataset\healthy\healthy_457.jpg,healthy_457.jpg,0.880769,keep
D:\ivp\union_dataset\healthy\healthy_458.jpg,healthy_458.jpg,0.943965,keep
D:\ivp\union_dataset\healthy\healthy_459.jpg,healthy_459.jpg,0.962922,keep
D:\ivp\union_dataset\healthy\healthy_46.jpg,healthy_46.jpg,0.064817,drop
D:\ivp\union_dataset\healthy\healthy_460.jpg,healthy_460.jpg,0.955947,keep
D:\ivp\union_dataset\healthy\healthy_461.jpg,healthy_461.jpg,0.933326,keep
D:\ivp\union_dataset\healthy\healthy_462.jpg,healthy_462.jpg,0.765437,uncertain
D:\ivp\union_dataset\healthy\healthy_463.jpg,healthy_463.jpg,0.876489,keep
D:\ivp\union_dataset\healthy\healthy_464.jpg,healthy_464.jpg,0.889331,keep
D:\ivp\union_dataset\healthy\healthy_465.jpg,healthy_465.jpg,0.948868,keep
D:\ivp\union_dataset\healthy\healthy_466.jpg,healthy_466.jpg,0.905189,keep
D:\ivp\union_dataset\healthy\healthy_467.jpg,healthy_467.jpg,0.337365,uncertain
D:\ivp\union_dataset\healthy\healthy_468.jpg,healthy_468.jpg,0.934788,keep
D:\ivp\union_dataset\healthy\healthy_469.jpg,healthy_469.jpg,0.870951,keep
D:\ivp\union_dataset\healthy\healthy_47.jpg,healthy_47.jpg,0.091913,drop
D:\ivp\union_dataset\healthy\healthy_470.jpg,healthy_470.jpg,0.899743,keep
D:\ivp\union_dataset\healthy\healthy_471.jpg,healthy_471.jpg,0.663177,uncertain
D:\ivp\union_dataset\healthy\healthy_472.jpg,healthy_472.jpg,0.801723,uncertain
D:\ivp\union_dataset\healthy\healthy_473.jpg,healthy_473.jpg,0.885692,keep
D:\ivp\union_dataset\healthy\healthy_474.jpg,healthy_474.jpg,0.845434,uncertain
D:\ivp\union_dataset\healthy\healthy_475.jpg,healthy_475.jpg,0.96082,keep
D:\ivp\union_dataset\healthy\healthy_476.jpg,healthy_476.jpg,0.941082,keep
D:\ivp\union_dataset\healthy\healthy_477.jpg,healthy_477.jpg,0.858274,keep
D:\ivp\union_dataset\healthy\healthy_478.jpg,healthy_478.jpg,0.899096,keep
D:\ivp\union_dataset\healthy\healthy_479.jpg,healthy_479.jpg,0.794128,uncertain
D:\ivp\union_dataset\healthy\healthy_48.jpg,healthy_48.jpg,0.076549,drop
D:\ivp\union_dataset\healthy\healthy_480.jpg,healthy_480.jpg,0.867696,keep
D:\ivp\union_dataset\healthy\healthy_481.jpg,healthy_481.jpg,0.8339,uncertain
D:\ivp\union_dataset\healthy\healthy_482.jpg,healthy_482.jpg,0.318045,uncertain
D:\ivp\union_dataset\healthy\healthy_483.jpg,healthy_483.jpg,0.935946,keep
D:\ivp\union_dataset\healthy\healthy_484.jpg,healthy_484.jpg,0.960115,keep
D:\ivp\union_dataset\healthy\healthy_485.jpg,healthy_485.jpg,0.92955,keep
D:\ivp\union_dataset\healthy\healthy_486.jpg,healthy_486.jpg,0.392229,uncertain
D:\ivp\union_dataset\healthy\healthy_487.jpg,healthy_487.jpg,0.960155,keep
D:\ivp\union_dataset\healthy\healthy_488.jpg,healthy_488.jpg,0.945315,keep
D:\ivp\union_dataset\healthy\healthy_489.jpg,healthy_489.jpg,0.726157,uncertain
D:\ivp\union_dataset\healthy\healthy_49.jpg,healthy_49.jpg,0.07776,drop
D:\ivp\union_dataset\healthy\healthy_490.jpg,healthy_490.jpg,0.886416,keep
D:\ivp\union_dataset\healthy\healthy_491.jpg,healthy_491.jpg,0.79791,uncertain
D:\ivp\union_dataset\healthy\healthy_492.jpg,healthy_492.jpg,0.924122,keep
D:\ivp\union_dataset\healthy\healthy_493.jpg,healthy_493.jpg,0.954175,keep
D:\ivp\union_dataset\healthy\healthy_494.jpg,healthy_494.jpg,0.941358,keep
D:\ivp\union_dataset\healthy\healthy_495.jpg,healthy_495.jpg,0.836306,uncertain
D:\ivp\union_dataset\healthy\healthy_496.jpg,healthy_496.jpg,0.90433,keep
D:\ivp\union_dataset\healthy\healthy_497.jpg,healthy_497.jpg,0.441755,uncertain
D:\ivp\union_dataset\healthy\healthy_498.jpg,healthy_498.jpg,0.871447,keep
D:\ivp\union_dataset\healthy\healthy_499.jpg,healthy_499.jpg,0.968269,keep
D:\ivp\union_dataset\healthy\healthy_5.jpg,healthy_5.jpg,0.041411,drop
D:\ivp\union_dataset\healthy\healthy_50.jpg,healthy_50.jpg,0.1327,drop
D:\ivp\union_dataset\healthy\healthy_500.jpg,healthy_500.jpg,0.942249,keep
D:\ivp\union_dataset\healthy\healthy_501.jpg,healthy_501.jpg,0.898152,keep
D:\ivp\union_dataset\healthy\healthy_502.jpg,healthy_502.jpg,0.953321,keep
D:\ivp\union_dataset\healthy\healthy_503.jpg,healthy_503.jpg,0.589726,uncertain
D:\ivp\union_dataset\healthy\healthy_504.jpg,healthy_504.jpg,0.571733,uncertain
D:\ivp\union_dataset\healthy\healthy_505.jpg,healthy_505.jpg,0.716906,uncertain
D:\ivp\union_dataset\healthy\healthy_506.jpg,healthy_506.jpg,0.83131,uncertain
D:\ivp\union_dataset\healthy\healthy_507.jpg,healthy_507.jpg,0.894305,keep
D:\ivp\union_dataset\healthy\healthy_508.jpg,healthy_508.jpg,0.903258,keep
D:\ivp\union_dataset\healthy\healthy_509.jpg,healthy_509.jpg,0.934925,keep
D:\ivp\union_dataset\healthy\healthy_51.jpg,healthy_51.jpg,0.104621,drop
D:\ivp\union_dataset\healthy\healthy_510.jpg,healthy_510.jpg,0.827104,uncertain
D:\ivp\union_dataset\healthy\healthy_511.jpg,healthy_511.jpg,0.932999,keep
D:\ivp\union_dataset\healthy\healthy_512.jpg,healthy_512.jpg,0.915082,keep
D:\ivp\union_dataset\healthy\healthy_513.jpg,healthy_513.jpg,0.915725,keep
D:\ivp\union_dataset\healthy\healthy_514.jpg,healthy_514.jpg,0.87581,keep
D:\ivp\union_dataset\healthy\healthy_515.jpg,healthy_515.jpg,0.905957,keep
D:\ivp\union_dataset\healthy\healthy_516.jpg,healthy_516.jpg,0.878554,keep
D:\ivp\union_dataset\healthy\healthy_517.jpg,healthy_517.jpg,0.952959,keep
D:\ivp\union_dataset\healthy\healthy_518.jpg,healthy_518.jpg,0.923417,keep
D:\ivp\union_dataset\healthy\healthy_519.jpg,healthy_519.jpg,0.942099,keep
D:\ivp\union_dataset\healthy\healthy_52.jpg,healthy_52.jpg,0.070272,drop
D:\ivp\union_dataset\healthy\healthy_520.jpg,healthy_520.jpg,0.965427,keep
D:\ivp\union_dataset\healthy\healthy_521.jpg,healthy_521.jpg,0.862038,keep
D:\ivp\union_dataset\healthy\healthy_522.jpg,healthy_522.jpg,0.906916,keep
D:\ivp\union_dataset\healthy\healthy_523.jpg,healthy_523.jpg,0.837335,uncertain
D:\ivp\union_dataset\healthy\healthy_524.jpg,healthy_524.jpg,0.849606,uncertain
D:\ivp\union_dataset\healthy\healthy_525.jpg,healthy_525.jpg,0.489703,uncertain
D:\ivp\union_dataset\healthy\healthy_526.jpg,healthy_526.jpg,0.867927,keep
D:\ivp\union_dataset\healthy\healthy_527.jpg,healthy_527.jpg,0.866057,keep
D:\ivp\union_dataset\healthy\healthy_528.jpg,healthy_528.jpg,0.944063,keep
D:\ivp\union_dataset\healthy\healthy_529.jpg,healthy_529.jpg,0.931169,keep
D:\ivp\union_dataset\healthy\healthy_53.jpg,healthy_53.jpg,0.081107,drop
D:\ivp\union_dataset\healthy\healthy_530.jpg,healthy_530.jpg,0.936588,keep
D:\ivp\union_dataset\healthy\healthy_531.jpg,healthy_531.jpg,0.948761,keep
D:\ivp\union_dataset\healthy\healthy_532.jpg,healthy_532.jpg,0.839827,uncertain
D:\ivp\union_dataset\healthy\healthy_533.jpg,healthy_533.jpg,0.940061,keep
D:\ivp\union_dataset\healthy\healthy_534.jpg,healthy_534.jpg,0.819121,uncertain
D:\ivp\union_dataset\healthy\healthy_535.jpg,healthy_535.jpg,0.47241,uncertain
D:\ivp\union_dataset\healthy\healthy_536.jpg,healthy_536.jpg,0.924943,keep
D:\ivp\union_dataset\healthy\healthy_537.jpg,healthy_537.jpg,0.926689,keep
D:\ivp\union_dataset\healthy\healthy_538.jpg,healthy_538.jpg,0.907896,keep
D:\ivp\union_dataset\healthy\healthy_539.jpg,healthy_539.jpg,0.950073,keep
D:\ivp\union_dataset\healthy\healthy_54.jpg,healthy_54.jpg,0.107148,drop
D:\ivp\union_dataset\healthy\healthy_540.jpg,healthy_540.jpg,0.806336,uncertain
D:\ivp\union_dataset\healthy\healthy_541.jpg,healthy_541.jpg,0.478212,uncertain
D:\ivp\union_dataset\healthy\healthy_542.jpg,healthy_542.jpg,0.941648,keep
D:\ivp\union_dataset\healthy\healthy_543.jpg,healthy_543.jpg,0.862656,keep
D:\ivp\union_dataset\healthy\healthy_544.jpg,healthy_544.jpg,0.628639,uncertain
D:\ivp\union_dataset\healthy\healthy_545.jpg,healthy_545.jpg,0.724571,uncertain
D:\ivp\union_dataset\healthy\healthy_546.jpg,healthy_546.jpg,0.950096,keep
D:\ivp\union_dataset\healthy\healthy_547.jpg,healthy_547.jpg,0.743358,uncertain
D:\ivp\union_dataset\healthy\healthy_548.jpg,healthy_548.jpg,0.819354,uncertain
D:\ivp\union_dataset\healthy\healthy_549.jpg,healthy_549.jpg,0.870352,keep
D:\ivp\union_dataset\healthy\healthy_55.jpg,healthy_55.jpg,0.06608,drop
D:\ivp\union_dataset\healthy\healthy_550.jpg,healthy_550.jpg,0.915982,keep
D:\ivp\union_dataset\healthy\healthy_551.jpg,healthy_551.jpg,0.884779,keep
D:\ivp\union_dataset\healthy\healthy_552.jpg,healthy_552.jpg,0.955747,keep
D:\ivp\union_dataset\healthy\healthy_553.jpg,healthy_553.jpg,0.805103,uncertain
D:\ivp\union_dataset\healthy\healthy_554.jpg,healthy_554.jpg,0.938445,keep
D:\ivp\union_dataset\healthy\healthy_555.jpg,healthy_555.jpg,0.936067,keep
D:\ivp\union_dataset\healthy\healthy_556.jpg,healthy_556.jpg,0.586124,uncertain
D:\ivp\union_dataset\healthy\healthy_557.jpg,healthy_557.jpg,0.912812,keep
D:\ivp\union_dataset\healthy\healthy_558.jpg,healthy_558.jpg,0.929742,keep
D:\ivp\union_dataset\healthy\healthy_559.jpg,healthy_559.jpg,0.415086,uncertain
D:\ivp\union_dataset\healthy\healthy_56.jpg,healthy_56.jpg,0.066057,drop
D:\ivp\union_dataset\healthy\healthy_560.jpg,healthy_560.jpg,0.908629,keep
D:\ivp\union_dataset\healthy\healthy_561.jpg,healthy_561.jpg,0.88535,keep
D:\ivp\union_dataset\healthy\healthy_562.jpg,healthy_562.jpg,0.919814,keep
D:\ivp\union_dataset\healthy\healthy_563.jpg,healthy_563.jpg,0.879856,keep
D:\ivp\union_dataset\healthy\healthy_564.jpg,healthy_564.jpg,0.414054,uncertain
D:\ivp\union_dataset\healthy\healthy_565.jpg,healthy_565.jpg,0.851432,keep
D:\ivp\union_dataset\healthy\healthy_566.jpg,healthy_566.jpg,0.920271,keep
D:\ivp\union_dataset\healthy\healthy_567.jpg,healthy_567.jpg,0.913876,keep
D:\ivp\union_dataset\healthy\healthy_568.jpg,healthy_568.jpg,0.9166,keep
D:\ivp\union_dataset\healthy\healthy_569.jpg,healthy_569.jpg,0.947486,keep
D:\ivp\union_dataset\healthy\healthy_57.jpg,healthy_57.jpg,0.10241,drop
D:\ivp\union_dataset\healthy\healthy_570.jpg,healthy_570.jpg,0.941052,keep
D:\ivp\union_dataset\healthy\healthy_571.jpg,healthy_571.jpg,0.880587,keep
D:\ivp\union_dataset\healthy\healthy_572.jpg,healthy_572.jpg,0.729234,uncertain
D:\ivp\union_dataset\healthy\healthy_573.jpg,healthy_573.jpg,0.967526,keep
D:\ivp\union_dataset\healthy\healthy_574.jpg,healthy_574.jpg,0.943533,keep
D:\ivp\union_dataset\healthy\healthy_575.jpg,healthy_575.jpg,0.960435,keep
D:\ivp\union_dataset\healthy\healthy_576.jpg,healthy_576.jpg,0.929845,keep
D:\ivp\union_dataset\healthy\healthy_577.jpg,healthy_577.jpg,0.855893,keep
D:\ivp\union_dataset\healthy\healthy_578.jpg,healthy_578.jpg,0.92019,keep
D:\ivp\union_dataset\healthy\healthy_579.jpg,healthy_579.jpg,0.942459,keep
D:\ivp\union_dataset\healthy\healthy_58.jpg,healthy_58.jpg,0.079799,drop
D:\ivp\union_dataset\healthy\healthy_580.jpg,healthy_580.jpg,0.795066,uncertain
D:\ivp\union_dataset\healthy\healthy_581.jpg,healthy_581.jpg,0.8591,keep
D:\ivp\union_dataset\healthy\healthy_582.jpg,healthy_582.jpg,0.843505,uncertain
D:\ivp\union_dataset\healthy\healthy_583.jpg,healthy_583.jpg,0.919196,keep
D:\ivp\union_dataset\healthy\healthy_584.jpg,healthy_584.jpg,0.924617,keep
D:\ivp\union_dataset\healthy\healthy_585.jpg,healthy_585.jpg,0.849634,uncertain
D:\ivp\union_dataset\healthy\healthy_586.jpg,healthy_586.jpg,0.956665,keep
D:\ivp\union_dataset\healthy\healthy_587.jpg,healthy_587.jpg,0.94204,keep
D:\ivp\union_dataset\healthy\healthy_588.jpg,healthy_588.jpg,0.70491,uncertain
D:\ivp\union_dataset\healthy\healthy_589.jpg,healthy_589.jpg,0.488802,uncertain
D:\ivp\union_dataset\healthy\healthy_59.jpg,healthy_59.jpg,0.095072,drop
D:\ivp\union_dataset\healthy\healthy_590.jpg,healthy_590.jpg,0.970129,keep
D:\ivp\union_dataset\healthy\healthy_591.jpg,healthy_591.jpg,0.928403,keep
D:\ivp\union_dataset\healthy\healthy_592.jpg,healthy_592.jpg,0.739436,uncertain
D:\ivp\union_dataset\healthy\healthy_593.jpg,healthy_593.jpg,0.922783,keep
D:\ivp\union_dataset\healthy\healthy_594.jpg,healthy_594.jpg,0.924863,keep
D:\ivp\union_dataset\healthy\healthy_595.jpg,healthy_595.jpg,0.747058,uncertain
D:\ivp\union_dataset\healthy\healthy_596.jpg,healthy_596.jpg,0.841763,uncertain
D:\ivp\union_dataset\healthy\healthy_597.jpg,healthy_597.jpg,0.884049,keep
D:\ivp\union_dataset\healthy\healthy_598.jpg,healthy_598.jpg,0.871588,keep
D:\ivp\union_dataset\healthy\healthy_599.jpg,healthy_599.jpg,0.378026,uncertain
D:\ivp\union_dataset\healthy\healthy_6.jpg,healthy_6.jpg,0.110245,drop
D:\ivp\union_dataset\healthy\healthy_60.jpg,healthy_60.jpg,0.075346,drop
D:\ivp\union_dataset\healthy\healthy_600.jpg,healthy_600.jpg,0.908976,keep
D:\ivp\union_dataset\healthy\healthy_601.jpg,healthy_601.jpg,0.8768,keep
D:\ivp\union_dataset\healthy\healthy_602.jpg,healthy_602.jpg,0.89721,keep
D:\ivp\union_dataset\healthy\healthy_603.jpg,healthy_603.jpg,0.792146,uncertain
D:\ivp\union_dataset\healthy\healthy_604.jpg,healthy_604.jpg,0.403607,uncertain
D:\ivp\union_dataset\healthy\healthy_605.jpg,healthy_605.jpg,0.871297,keep
D:\ivp\union_dataset\healthy\healthy_606.jpg,healthy_606.jpg,0.791397,uncertain
D:\ivp\union_dataset\healthy\healthy_607.jpg,healthy_607.jpg,0.267726,uncertain
D:\ivp\union_dataset\healthy\healthy_608.jpg,healthy_608.jpg,0.850912,keep
D:\ivp\union_dataset\healthy\healthy_609.jpg,healthy_609.jpg,0.780344,uncertain
D:\ivp\union_dataset\healthy\healthy_61.jpg,healthy_61.jpg,0.08263,drop
D:\ivp\union_dataset\healthy\healthy_610.jpg,healthy_610.jpg,0.887395,keep
D:\ivp\union_dataset\healthy\healthy_611.jpg,healthy_611.jpg,0.28573,uncertain
D:\ivp\union_dataset\healthy\healthy_612.jpg,healthy_612.jpg,0.93739,keep
D:\ivp\union_dataset\healthy\healthy_613.jpg,healthy_613.jpg,0.82085,uncertain
D:\ivp\union_dataset\healthy\healthy_614.jpg,healthy_614.jpg,0.831221,uncertain
D:\ivp\union_dataset\healthy\healthy_615.jpg,healthy_615.jpg,0.949607,keep
D:\ivp\union_dataset\healthy\healthy_616.jpg,healthy_616.jpg,0.930185,keep
D:\ivp\union_dataset\healthy\healthy_617.jpg,healthy_617.jpg,0.928783,keep
D:\ivp\union_dataset\healthy\healthy_618.jpg,healthy_618.jpg,0.947508,keep
D:\ivp\union_dataset\healthy\healthy_619.jpg,healthy_619.jpg,0.957088,keep
D:\ivp\union_dataset\healthy\healthy_62.jpg,healthy_62.jpg,0.049172,drop
D:\ivp\union_dataset\healthy\healthy_620.jpg,healthy_620.jpg,0.939104,keep
D:\ivp\union_dataset\healthy\healthy_621.jpg,healthy_621.jpg,0.187891,uncertain
D:\ivp\union_dataset\healthy\healthy_622.jpg,healthy_622.jpg,0.943784,keep
D:\ivp\union_dataset\healthy\healthy_623.jpg,healthy_623.jpg,0.966367,keep
D:\ivp\union_dataset\healthy\healthy_624.jpg,healthy_624.jpg,0.246062,uncertain
D:\ivp\union_dataset\healthy\healthy_625.jpg,healthy_625.jpg,0.942934,keep
D:\ivp\union_dataset\healthy\healthy_626.jpg,healthy_626.jpg,0.19815,uncertain
D:\ivp\union_dataset\healthy\healthy_627.jpg,healthy_627.jpg,0.927485,keep
D:\ivp\union_dataset\healthy\healthy_628.jpg,healthy_628.jpg,0.970129,keep
D:\ivp\union_dataset\healthy\healthy_629.jpg,healthy_629.jpg,0.91426,keep
D:\ivp\union_dataset\healthy\healthy_63.jpg,healthy_63.jpg,0.093464,drop
D:\ivp\union_dataset\healthy\healthy_630.jpg,healthy_630.jpg,0.937081,keep
D:\ivp\union_dataset\healthy\healthy_631.jpg,healthy_631.jpg,0.699292,uncertain
D:\ivp\union_dataset\healthy\healthy_632.jpg,healthy_632.jpg,0.926943,keep
D:\ivp\union_dataset\healthy\healthy_633.jpg,healthy_633.jpg,0.654668,uncertain
D:\ivp\union_dataset\healthy\healthy_634.jpg,healthy_634.jpg,0.925047,keep
D:\ivp\union_dataset\healthy\healthy_635.jpg,healthy_635.jpg,0.512431,uncertain
D:\ivp\union_dataset\healthy\healthy_636.jpg,healthy_636.jpg,0.851312,keep
D:\ivp\union_dataset\healthy\healthy_637.jpg,healthy_637.jpg,0.804189,uncertain
D:\ivp\union_dataset\healthy\healthy_638.jpg,healthy_638.jpg,0.960945,keep
D:\ivp\union_dataset\healthy\healthy_639.jpg,healthy_639.jpg,0.964159,keep
D:\ivp\union_dataset\healthy\healthy_64.jpg,healthy_64.jpg,0.103472,drop
D:\ivp\union_dataset\healthy\healthy_640.jpg,healthy_640.jpg,0.733032,uncertain
D:\ivp\union_dataset\healthy\healthy_641.jpg,healthy_641.jpg,0.741155,uncertain
D:\ivp\union_dataset\healthy\healthy_642.jpg,healthy_642.jpg,0.900657,keep
D:\ivp\union_dataset\healthy\healthy_643.jpg,healthy_643.jpg,0.909968,keep
D:\ivp\union_dataset\healthy\healthy_644.jpg,healthy_644.jpg,0.948528,keep
D:\ivp\union_dataset\healthy\healthy_645.jpg,healthy_645.jpg,0.508074,uncertain
D:\ivp\union_dataset\healthy\healthy_646.jpg,healthy_646.jpg,0.907463,keep
D:\ivp\union_dataset\healthy\healthy_647.jpg,healthy_647.jpg,0.945186,keep
D:\ivp\union_dataset\healthy\healthy_648.jpg,healthy_648.jpg,0.906751,keep
D:\ivp\union_dataset\healthy\healthy_649.jpg,healthy_649.jpg,0.897351,keep
D:\ivp\union_dataset\healthy\healthy_65.jpg,healthy_65.jpg,0.074209,drop
D:\ivp\union_dataset\healthy\healthy_650.jpg,healthy_650.jpg,0.923507,keep
D:\ivp\union_dataset\healthy\healthy_651.jpg,healthy_651.jpg,0.957552,keep
D:\ivp\union_dataset\healthy\healthy_652.jpg,healthy_652.jpg,0.250009,uncertain
D:\ivp\union_dataset\healthy\healthy_653.jpg,healthy_653.jpg,0.954946,keep
D:\ivp\union_dataset\healthy\healthy_654.jpg,healthy_654.jpg,0.907182,keep
D:\ivp\union_dataset\healthy\healthy_655.jpg,healthy_655.jpg,0.961009,keep
D:\ivp\union_dataset\healthy\healthy_656.jpg,healthy_656.jpg,0.954509,keep
D:\ivp\union_dataset\healthy\healthy_657.jpg,healthy_657.jpg,0.815552,uncertain
D:\ivp\union_dataset\healthy\healthy_658.jpg,healthy_658.jpg,0.765791,uncertain
D:\ivp\union_dataset\healthy\healthy_659.jpg,healthy_659.jpg,0.651773,uncertain
D:\ivp\union_dataset\healthy\healthy_66.jpg,healthy_66.jpg,0.166811,uncertain
D:\ivp\union_dataset\healthy\healthy_660.jpg,healthy_660.jpg,0.931434,keep
D:\ivp\union_dataset\healthy\healthy_661.jpg,healthy_661.jpg,0.934687,keep
D:\ivp\union_dataset\healthy\healthy_662.jpg,healthy_662.jpg,0.838798,uncertain
D:\ivp\union_dataset\healthy\healthy_663.jpg,healthy_663.jpg,0.946669,keep
D:\ivp\union_dataset\healthy\healthy_664.jpg,healthy_664.jpg,0.948208,keep
D:\ivp\union_dataset\healthy\healthy_665.jpg,healthy_665.jpg,0.949566,keep
D:\ivp\union_dataset\healthy\healthy_666.jpg,healthy_666.jpg,0.903984,keep
D:\ivp\union_dataset\healthy\healthy_667.jpg,healthy_667.jpg,0.727735,uncertain
D:\ivp\union_dataset\healthy\healthy_668.jpg,healthy_668.jpg,0.782977,uncertain
D:\ivp\union_dataset\healthy\healthy_669.jpg,healthy_669.jpg,0.706714,uncertain
D:\ivp\union_dataset\healthy\healthy_67.jpg,healthy_67.jpg,0.084929,drop
D:\ivp\union_dataset\healthy\healthy_670.jpg,healthy_670.jpg,0.916114,keep
D:\ivp\union_dataset\healthy\healthy_671.jpg,healthy_671.jpg,0.922494,keep
D:\ivp\union_dataset\healthy\healthy_672.jpg,healthy_672.jpg,0.620494,uncertain
D:\ivp\union_dataset\healthy\healthy_673.jpg,healthy_673.jpg,0.946249,keep
D:\ivp\union_dataset\healthy\healthy_674.jpg,healthy_674.jpg,0.725666,uncertain
D:\ivp\union_dataset\healthy\healthy_675.jpg,healthy_675.jpg,0.867303,keep
D:\ivp\union_dataset\healthy\healthy_676.jpg,healthy_676.jpg,0.434365,uncertain
D:\ivp\union_dataset\healthy\healthy_677.jpg,healthy_677.jpg,0.918064,keep
D:\ivp\union_dataset\healthy\healthy_678.jpg,healthy_678.jpg,0.813679,uncertain
D:\ivp\union_dataset\healthy\healthy_679.jpg,healthy_679.jpg,0.967315,keep
D:\ivp\union_dataset\healthy\healthy_68.jpg,healthy_68.jpg,0.068694,drop
D:\ivp\union_dataset\healthy\healthy_680.jpg,healthy_680.jpg,0.889642,keep
D:\ivp\union_dataset\healthy\healthy_681.jpg,healthy_681.jpg,0.880401,keep
D:\ivp\union_dataset\healthy\healthy_682.jpg,healthy_682.jpg,0.585257,uncertain
D:\ivp\union_dataset\healthy\healthy_683.jpg,healthy_683.jpg,0.944205,keep
D:\ivp\union_dataset\healthy\healthy_684.jpg,healthy_684.jpg,0.662356,uncertain
D:\ivp\union_dataset\healthy\healthy_685.jpg,healthy_685.jpg,0.929991,keep
D:\ivp\union_dataset\healthy\healthy_686.jpg,healthy_686.jpg,0.85571,keep
D:\ivp\union_dataset\healthy\healthy_687.jpg,healthy_687.jpg,0.852939,keep
D:\ivp\union_dataset\healthy\healthy_688.jpg,healthy_688.jpg,0.701178,uncertain
D:\ivp\union_dataset\healthy\healthy_689.jpg,healthy_689.jpg,0.838074,uncertain
D:\ivp\union_dataset\healthy\healthy_69.jpg,healthy_69.jpg,0.102853,drop
D:\ivp\union_dataset\healthy\healthy_690.jpg,healthy_690.jpg,0.737064,uncertain
D:\ivp\union_dataset\healthy\healthy_691.jpg,healthy_691.jpg,0.971801,keep
D:\ivp\union_dataset\healthy\healthy_692.jpg,healthy_692.jpg,0.851843,keep
D:\ivp\union_dataset\healthy\healthy_693.jpg,healthy_693.jpg,0.861963,keep
D:\ivp\union_dataset\healthy\healthy_694.jpg,healthy_694.jpg,0.542345,uncertain
D:\ivp\union_dataset\healthy\healthy_695.jpg,healthy_695.jpg,0.926399,keep
D:\ivp\union_dataset\healthy\healthy_696.jpg,healthy_696.jpg,0.812319,uncertain
D:\ivp\union_dataset\healthy\healthy_697.jpg,healthy_697.jpg,0.845543,uncertain
D:\ivp\union_dataset\healthy\healthy_698.jpg,healthy_698.jpg,0.907973,keep
D:\ivp\union_dataset\healthy\healthy_699.jpg,healthy_699.jpg,0.82789,uncertain
D:\ivp\union_dataset\healthy\healthy_7.jpg,healthy_7.jpg,0.146089,drop
D:\ivp\union_dataset\healthy\healthy_70.jpg,healthy_70.jpg,0.114146,drop
D:\ivp\union_dataset\healthy\healthy_700.jpg,healthy_700.jpg,0.876042,keep
D:\ivp\union_dataset\healthy\healthy_701.jpg,healthy_701.jpg,0.944635,keep
D:\ivp\union_dataset\healthy\healthy_702.jpg,healthy_702.jpg,0.948865,keep
D:\ivp\union_dataset\healthy\healthy_703.jpg,healthy_703.jpg,0.942736,keep
D:\ivp\union_dataset\healthy\healthy_704.jpg,healthy_704.jpg,0.911751,keep
D:\ivp\union_dataset\healthy\healthy_705.jpg,healthy_705.jpg,0.904171,keep
D:\ivp\union_dataset\healthy\healthy_706.jpg,healthy_706.jpg,0.759127,uncertain
D:\ivp\union_dataset\healthy\healthy_707.jpg,healthy_707.jpg,0.931286,keep
D:\ivp\union_dataset\healthy\healthy_708.jpg,healthy_708.jpg,0.818201,uncertain
D:\ivp\union_dataset\healthy\healthy_709.jpg,healthy_709.jpg,0.90514,keep
D:\ivp\union_dataset\healthy\healthy_71.jpg,healthy_71.jpg,0.143516,drop
D:\ivp\union_dataset\healthy\healthy_710.jpg,healthy_710.jpg,0.456238,uncertain
D:\ivp\union_dataset\healthy\healthy_711.jpg,healthy_711.jpg,0.940949,keep
D:\ivp\union_dataset\healthy\healthy_712.jpg,healthy_712.jpg,0.729774,uncertain
D:\ivp\union_dataset\healthy\healthy_713.jpg,healthy_713.jpg,0.765506,uncertain
D:\ivp\union_dataset\healthy\healthy_714.jpg,healthy_714.jpg,0.892419,keep
D:\ivp\union_dataset\healthy\healthy_715.jpg,healthy_715.jpg,0.899777,keep
D:\ivp\union_dataset\healthy\healthy_716.jpg,healthy_716.jpg,0.977733,keep
D:\ivp\union_dataset\healthy\healthy_717.jpg,healthy_717.jpg,0.906541,keep
D:\ivp\union_dataset\healthy\healthy_718.jpg,healthy_718.jpg,0.959907,keep
D:\ivp\union_dataset\healthy\healthy_719.jpg,healthy_719.jpg,0.361336,uncertain
D:\ivp\union_dataset\healthy\healthy_72.jpg,healthy_72.jpg,0.06629,drop
D:\ivp\union_dataset\healthy\healthy_720.jpg,healthy_720.jpg,0.918743,keep
D:\ivp\union_dataset\healthy\healthy_721.jpg,healthy_721.jpg,0.93694,keep
D:\ivp\union_dataset\healthy\healthy_722.jpg,healthy_722.jpg,0.955589,keep
D:\ivp\union_dataset\healthy\healthy_723.jpg,healthy_723.jpg,0.957214,keep
D:\ivp\union_dataset\healthy\healthy_724.jpg,healthy_724.jpg,0.958516,keep
D:\ivp\union_dataset\healthy\healthy_725.jpg,healthy_725.jpg,0.912119,keep
D:\ivp\union_dataset\healthy\healthy_726.jpg,healthy_726.jpg,0.960885,keep
D:\ivp\union_dataset\healthy\healthy_727.jpg,healthy_727.jpg,0.937657,keep
D:\ivp\union_dataset\healthy\healthy_728.jpg,healthy_728.jpg,0.890868,keep
D:\ivp\union_dataset\healthy\healthy_729.jpg,healthy_729.jpg,0.588965,uncertain
D:\ivp\union_dataset\healthy\healthy_73.jpg,healthy_73.jpg,0.060541,drop
D:\ivp\union_dataset\healthy\healthy_730.jpg,healthy_730.jpg,0.853694,keep
D:\ivp\union_dataset\healthy\healthy_731.jpg,healthy_731.jpg,0.866326,keep
D:\ivp\union_dataset\healthy\healthy_732.jpg,healthy_732.jpg,0.951658,keep
D:\ivp\union_dataset\healthy\healthy_733.jpg,healthy_733.jpg,0.188243,uncertain
D:\ivp\union_dataset\healthy\healthy_734.jpg,healthy_734.jpg,0.939679,keep
D:\ivp\union_dataset\healthy\healthy_735.jpg,healthy_735.jpg,0.926939,keep
D:\ivp\union_dataset\healthy\healthy_736.jpg,healthy_736.jpg,0.499115,uncertain
D:\ivp\union_dataset\healthy\healthy_737.jpg,healthy_737.jpg,0.890994,keep
D:\ivp\union_dataset\healthy\healthy_738.jpg,healthy_738.jpg,0.921178,keep
D:\ivp\union_dataset\healthy\healthy_739.jpg,healthy_739.jpg,0.813925,uncertain
D:\ivp\union_dataset\healthy\healthy_74.jpg,healthy_74.jpg,0.157826,uncertain
D:\ivp\union_dataset\healthy\healthy_740.jpg,healthy_740.jpg,0.963298,keep
D:\ivp\union_dataset\healthy\healthy_741.jpg,healthy_741.jpg,0.751025,uncertain
D:\ivp\union_dataset\healthy\healthy_742.jpg,healthy_742.jpg,0.786073,uncertain
D:\ivp\union_dataset\healthy\healthy_743.jpg,healthy_743.jpg,0.919834,keep
D:\ivp\union_dataset\healthy\healthy_744.jpg,healthy_744.jpg,0.945984,keep
D:\ivp\union_dataset\healthy\healthy_745.jpg,healthy_745.jpg,0.64903,uncertain
D:\ivp\union_dataset\healthy\healthy_746.jpg,healthy_746.jpg,0.946086,keep
D:\ivp\union_dataset\healthy\healthy_747.jpg,healthy_747.jpg,0.959985,keep
D:\ivp\union_dataset\healthy\healthy_748.jpg,healthy_748.jpg,0.939137,keep
D:\ivp\union_dataset\healthy\healthy_749.jpg,healthy_749.jpg,0.897113,keep
D:\ivp\union_dataset\healthy\healthy_75.jpg,healthy_75.jpg,0.068565,drop
D:\ivp\union_dataset\healthy\healthy_750.jpg,healthy_750.jpg,0.715766,uncertain
D:\ivp\union_dataset\healthy\healthy_751.jpg,healthy_751.jpg,0.917079,keep
D:\ivp\union_dataset\healthy\healthy_752.jpg,healthy_752.jpg,0.682251,uncertain
D:\ivp\union_dataset\healthy\healthy_753.jpg,healthy_753.jpg,0.826968,uncertain
D:\ivp\union_dataset\healthy\healthy_754.jpg,healthy_754.jpg,0.924578,keep
D:\ivp\union_dataset\healthy\healthy_755.jpg,healthy_755.jpg,0.889213,keep
D:\ivp\union_dataset\healthy\healthy_756.jpg,healthy_756.jpg,0.93464,keep
D:\ivp\union_dataset\healthy\healthy_757.jpg,healthy_757.jpg,0.85872,keep
D:\ivp\union_dataset\healthy\healthy_758.jpg,healthy_758.jpg,0.677949,uncertain
D:\ivp\union_dataset\healthy\healthy_759.jpg,healthy_759.jpg,0.957179,keep
D:\ivp\union_dataset\healthy\healthy_76.jpg,healthy_76.jpg,0.08127,drop
D:\ivp\union_dataset\healthy\healthy_760.jpg,healthy_760.jpg,0.939358,keep
D:\ivp\union_dataset\healthy\healthy_761.jpg,healthy_761.jpg,0.880409,keep
D:\ivp\union_dataset\healthy\healthy_762.jpg,healthy_762.jpg,0.889053,keep
D:\ivp\union_dataset\healthy\healthy_763.jpg,healthy_763.jpg,0.843317,uncertain
D:\ivp\union_dataset\healthy\healthy_764.jpg,healthy_764.jpg,0.697901,uncertain
D:\ivp\union_dataset\healthy\healthy_765.jpg,healthy_765.jpg,0.74446,uncertain
D:\ivp\union_dataset\healthy\healthy_766.jpg,healthy_766.jpg,0.934799,keep
D:\ivp\union_dataset\healthy\healthy_767.jpg,healthy_767.jpg,0.812537,uncertain
D:\ivp\union_dataset\healthy\healthy_768.jpg,healthy_768.jpg,0.567213,uncertain
D:\ivp\union_dataset\healthy\healthy_769.jpg,healthy_769.jpg,0.696779,uncertain
D:\ivp\union_dataset\healthy\healthy_77.jpg,healthy_77.jpg,0.048279,drop
D:\ivp\union_dataset\healthy\healthy_770.jpg,healthy_770.jpg,0.724294,uncertain
D:\ivp\union_dataset\healthy\healthy_771.jpg,healthy_771.jpg,0.377746,uncertain
D:\ivp\union_dataset\healthy\healthy_772.jpg,healthy_772.jpg,0.950745,keep
D:\ivp\union_dataset\healthy\healthy_773.jpg,healthy_773.jpg,0.928938,keep
D:\ivp\union_dataset\healthy\healthy_774.jpg,healthy_774.jpg,0.959309,keep
D:\ivp\union_dataset\healthy\healthy_775.jpg,healthy_775.jpg,0.921267,keep
D:\ivp\union_dataset\healthy\healthy_776.jpg,healthy_776.jpg,0.940451,keep
D:\ivp\union_dataset\healthy\healthy_777.jpg,healthy_777.jpg,0.858303,keep
D:\ivp\union_dataset\healthy\healthy_778.jpg,healthy_778.jpg,0.30536,uncertain
D:\ivp\union_dataset\healthy\healthy_779.jpg,healthy_779.jpg,0.874414,keep
D:\ivp\union_dataset\healthy\healthy_78.jpg,healthy_78.jpg,0.081074,drop
D:\ivp\union_dataset\healthy\healthy_780.jpg,healthy_780.jpg,0.935655,keep
D:\ivp\union_dataset\healthy\healthy_781.jpg,healthy_781.jpg,0.540378,uncertain
D:\ivp\union_dataset\healthy\healthy_782.jpg,healthy_782.jpg,0.958181,keep
D:\ivp\union_dataset\healthy\healthy_783.jpg,healthy_783.jpg,0.914496,keep
D:\ivp\union_dataset\healthy\healthy_784.jpg,healthy_784.jpg,0.294035,uncertain
D:\ivp\union_dataset\healthy\healthy_785.jpg,healthy_785.jpg,0.934479,keep
D:\ivp\union_dataset\healthy\healthy_786.jpg,healthy_786.jpg,0.675547,uncertain
D:\ivp\union_dataset\healthy\healthy_787.jpg,healthy_787.jpg,0.951555,keep
D:\ivp\union_dataset\healthy\healthy_788.jpg,healthy_788.jpg,0.181728,uncertain
D:\ivp\union_dataset\healthy\healthy_789.jpg,healthy_789.jpg,0.934875,keep
D:\ivp\union_dataset\healthy\healthy_79.jpg,healthy_79.jpg,0.058693,drop
D:\ivp\union_dataset\healthy\healthy_790.jpg,healthy_790.jpg,0.937671,keep
D:\ivp\union_dataset\healthy\healthy_791.jpg,healthy_791.jpg,0.370388,uncertain
D:\ivp\union_dataset\healthy\healthy_792.jpg,healthy_792.jpg,0.228685,uncertain
D:\ivp\union_dataset\healthy\healthy_793.jpg,healthy_793.jpg,0.932729,keep
D:\ivp\union_dataset\healthy\healthy_794.jpg,healthy_794.jpg,0.852474,keep
D:\ivp\union_dataset\healthy\healthy_795.jpg,healthy_795.jpg,0.951238,keep
D:\ivp\union_dataset\healthy\healthy_796.jpg,healthy_796.jpg,0.713635,uncertain
D:\ivp\union_dataset\healthy\healthy_797.jpg,healthy_797.jpg,0.903531,keep
D:\ivp\union_dataset\healthy\healthy_798.jpg,healthy_798.jpg,0.114246,drop
D:\ivp\union_dataset\healthy\healthy_799.jpg,healthy_799.jpg,0.495212,uncertain
D:\ivp\union_dataset\healthy\healthy_8.jpg,healthy_8.jpg,0.08256,drop
D:\ivp\union_dataset\healthy\healthy_80.jpg,healthy_80.jpg,0.063729,drop
D:\ivp\union_dataset\healthy\healthy_800.jpg,healthy_800.jpg,0.211027,uncertain
D:\ivp\union_dataset\healthy\healthy_801.jpg,healthy_801.jpg,0.957485,keep
D:\ivp\union_dataset\healthy\healthy_802.jpg,healthy_802.jpg,0.950009,keep
D:\ivp\union_dataset\healthy\healthy_803.jpg,healthy_803.jpg,0.959576,keep
D:\ivp\union_dataset\healthy\healthy_804.jpg,healthy_804.jpg,0.927752,keep
D:\ivp\union_dataset\healthy\healthy_805.jpg,healthy_805.jpg,0.86661,keep
D:\ivp\union_dataset\healthy\healthy_806.jpg,healthy_806.jpg,0.959378,keep
D:\ivp\union_dataset\healthy\healthy_807.jpg,healthy_807.jpg,0.945186,keep
D:\ivp\union_dataset\healthy\healthy_808.jpg,healthy_808.jpg,0.951755,keep
D:\ivp\union_dataset\healthy\healthy_809.jpg,healthy_809.jpg,0.943101,keep
D:\ivp\union_dataset\healthy\healthy_81.jpg,healthy_81.jpg,0.062814,drop
D:\ivp\union_dataset\healthy\healthy_810.jpg,healthy_810.jpg,0.937377,keep
D:\ivp\union_dataset\healthy\healthy_811.jpg,healthy_811.jpg,0.815689,uncertain
D:\ivp\union_dataset\healthy\healthy_812.jpg,healthy_812.jpg,0.928301,keep
D:\ivp\union_dataset\healthy\healthy_813.jpg,healthy_813.jpg,0.853394,keep
D:\ivp\union_dataset\healthy\healthy_814.jpg,healthy_814.jpg,0.899779,keep
D:\ivp\union_dataset\healthy\healthy_815.jpg,healthy_815.jpg,0.911027,keep
D:\ivp\union_dataset\healthy\healthy_816.jpg,healthy_816.jpg,0.891559,keep
D:\ivp\union_dataset\healthy\healthy_817.jpg,healthy_817.jpg,0.907617,keep
D:\ivp\union_dataset\healthy\healthy_82.jpg,healthy_82.jpg,0.06803,drop
D:\ivp\union_dataset\healthy\healthy_83.jpg,healthy_83.jpg,0.076338,drop
D:\ivp\union_dataset\healthy\healthy_84.jpg,healthy_84.jpg,0.05778,drop
D:\ivp\union_dataset\healthy\healthy_85.jpg,healthy_85.jpg,0.065758,drop
D:\ivp\union_dataset\healthy\healthy_86.jpg,healthy_86.jpg,0.052765,drop
D:\ivp\union_dataset\healthy\healthy_87.jpg,healthy_87.jpg,0.067436,drop
D:\ivp\union_dataset\healthy\healthy_88.jpg,healthy_88.jpg,0.051854,drop
D:\ivp\union_dataset\healthy\healthy_89.jpg,healthy_89.jpg,0.091443,drop
D:\ivp\union_dataset\healthy\healthy_9.jpg,healthy_9.jpg,0.063924,drop
D:\ivp\union_dataset\healthy\healthy_90.jpg,healthy_90.jpg,0.051595,drop
D:\ivp\union_dataset\healthy\healthy_91.jpg,healthy_91.jpg,0.063821,drop
D:\ivp\union_dataset\healthy\healthy_92.jpg,healthy_92.jpg,0.062895,drop
D:\ivp\union_dataset\healthy\healthy_93.jpg,healthy_93.jpg,0.084905,drop
D:\ivp\union_dataset\healthy\healthy_94.jpg,healthy_94.jpg,0.069436,drop
D:\ivp\union_dataset\healthy\healthy_95.jpg,healthy_95.jpg,0.083569,drop
D:\ivp\union_dataset\healthy\healthy_96.jpg,healthy_96.jpg,0.045727,drop
D:\ivp\union_dataset\healthy\healthy_97.jpg,healthy_97.jpg,0.058062,drop
D:\ivp\union_dataset\healthy\healthy_98.jpg,healthy_98.jpg,0.086557,drop
D:\ivp\union_dataset\healthy\healthy_99.jpg,healthy_99.jpg,0.086062,drop
