thumb_index,p_strawberry,name
#00,0.945315,healthy_488.jpg
#01,0.870951,healthy_469.jpg
#02,0.872777,healthy_334.jpg
#03,0.960945,healthy_638.jpg
#04,0.939738,healthy_322.jpg
#05,0.912105,healthy_356.jpg
#06,0.928764,healthy_372.jpg
#07,0.970965,healthy_292.jpg
#08,0.889053,healthy_762.jpg
#09,0.924661,healthy_256.jpg
#10,0.867301,healthy_373.jpg
#11,0.921178,healthy_738.jpg
#12,0.885692,healthy_473.jpg
#13,0.942459,healthy_579.jpg
#14,0.931286,healthy_707.jpg
#15,0.918743,healthy_720.jpg
#16,0.956665,healthy_586.jpg
#17,0.912036,healthy_259.jpg
#18,0.961009,healthy_655.jpg
#19,0.938445,healthy_554.jpg
#20,0.898152,healthy_501.jpg
#21,0.951658,healthy_732.jpg
#22,0.906751,healthy_648.jpg
#23,0.91426,healthy_629.jpg
#24,0.93334,healthy_344.jpg
#25,0.932729,healthy_793.jpg
#26,0.934875,healthy_789.jpg
#27,0.948868,healthy_465.jpg
#28,0.899779,healthy_814.jpg
#29,0.941082,healthy_476.jpg
#30,0.904171,healthy_705.jpg
#31,0.932829,healthy_342.jpg
#32,0.885785,healthy_302.jpg
#33,0.936588,healthy_530.jpg
#34,0.852939,healthy_687.jpg
#35,0.949607,healthy_615.jpg
#36,0.94427,healthy_438.jpg
#37,0.876768,healthy_254.jpg
#38,0.890868,healthy_728.jpg
#39,0.92019,healthy_578.jpg
#40,0.948865,healthy_702.jpg
#41,0.858303,healthy_777.jpg
#42,0.926689,healthy_537.jpg
#43,0.922216,healthy_421.jpg
#44,0.897042,healthy_221.jpg
#45,0.928795,healthy_386.jpg
#46,0.89721,healthy_602.jpg
#47,0.853674,healthy_195.jpg
#48,0.894305,healthy_507.jpg
#49,0.956739,healthy_336.jpg
#50,0.943965,healthy_458.jpg
#51,0.919196,healthy_583.jpg
#52,0.952351,healthy_253.jpg
#53,0.967526,healthy_573.jpg
#54,0.865305,healthy_333.jpg
#55,0.948528,healthy_644.jpg
#56,0.958726,healthy_230.jpg
#57,0.90036,healthy_455.jpg
#58,0.890722,healthy_290.jpg
#59,0.947776,healthy_308.jpg
#60,0.924578,healthy_754.jpg
#61,0.952959,healthy_517.jpg
#62,0.925047,healthy_634.jpg
#63,0.936065,healthy_319.jpg
